chi2,p-value
0.32912812365651106,0.5661729320022839
