Category,Krippendorffs Alpha
Type,1.0
Place,0.272
Cultural Site,0.30107526881720437
Religion Theme,1.0
Desert,0.803030303030303
Nature,0.5806451612903226
Wildlife,0.6486486486486487
Attire,0.7765957446808511
Cuisine,0.2547770700636942
Architecture,0.7771428571428571
Megaevents/Festivals,0.5806451612903226
Leisure Activity,0.6666666666666667
Orientalism,-0.054054054054053946
